Gender,Age
Male,28-45
Male,28-45
Female,21-27
Female,28-45
Male,21-27
Male,28-45
Female,21-27
Female,28-45
Male,28-45
Male,28-45
Female,28-45
Female,28-45
Male,21-27
Female,28-45
Male,28-45
Female,28-45
Male,28-45
Male,28-45
Female,28-45
Female,21-27
Male,28-45
Male,28-45
Female,28-45
Female,21-27
Male,28-45
Male,28-45
Female,21-27
Female,28-45
Female,28-45
Male,28-45
Male,21-27
Female,28-45
Male,28-45
Female,28-45
Male,28-45
Female,21-27
Male,28-45
Female,28-45
Male,28-45
Female,28-45
Male,28-45
Male,21-27
Female,21-27
Female,28-45
Male,28-45
Male,28-45
Female,28-45
Female,21-27
Male,28-45
Male,28-45
Female,28-45
Female,28-45
